,0,1,2,3,4,5
0,0.0,0.0,0.0,0.0,0.0,0.0
1,-2.8446782467259464,-2.6817252520816384,-2.808467650137172,-2.6726791741298923,-2.3917491700000086,-10.789797259206098
2,-1.4582439582892066,-0.8625310434481434,-1.5543337185790345,-0.796394141861015,0.5882999999999902,-8.088064422309241
3,-2.646866880061292,-2.429072251534925,-2.6855922592103685,-2.4169799394275797,-1.988213100000006,-10.36895700570098
4,-3.267539611571488,-3.268895356774466,-3.268489100043811,-3.2675450871857707,-8.144519156644657,-8.906430229684135
5,0.0,0.0,0.0,0.0,0.0,0.0
6,-3.2629176990131112,-3.2633991578370667,-3.262775026119936,-3.26267740967625,-9.479257595995849,-9.533808883606893
7,-3.152741329822385,-3.1524506731787234,-3.153646636252635,-3.153831004005299,-8.111698613864498,-7.5747839518927185
8,-2.4191726202310986,-2.707739651211597,-2.7026368280447604,-2.7216423277096715,-4.522484971249831,-5.247848817927544
9,-3.1082138052263226,-3.1411934295747885,-3.144626961542163,-3.1451545909047636,-6.039020940075856,-7.822400307725329
10,0.0,0.0,0.0,0.0,0.0,0.0
11,-3.0122542112383472,-3.0285884896272344,-3.029757836483671,-3.0312389024562165,-6.022128848573905,-7.60773132402686
12,-3.2035605106504352,-3.2076376998777625,-3.2040574552796097,-3.2049279822009633,-8.987834381516201,-4.623967289517072
13,-3.081005185239249,-3.0814740354961883,-3.080250057588206,-3.0824768852335995,-4.631741198079698,-7.466261380958578
14,-3.2065110782774533,-3.2074162525438785,-3.207927506402975,-3.208563954382617,-7.593634041762177,-8.099041870930021
15,0.0,0.0,0.0,0.0,0.0,0.0
16,8.079745629829539,12.91664771991643,7.174064928121101,12.943444980808094,3.9514624465300803,19.99999999999999
17,-1.988213100000006,-2.407410725462974,-2.259259142390915,-2.3996619189649757,-10.079847840961188,-2.610070359583767
18,2.2689999999999864,-0.21420286244000133,-1.1192864524838968,0.03868986891534121,-5.943609847200034,-0.6578264590532724
19,-1.4117330000000075,-2.0147613686124903,-2.0948909188220073,-2.1178114298461357,-10.2029758368369,-2.319914119815395
20,0.0,0.0,0.0,0.0,0.0,0.0
21,-2.837808806554351,-2.8220498019973643,-2.8109983107360432,-2.674831395739349,-5.070370503926025,-4.524564402643626
22,-1.9019104934723738,-1.8539960319805942,-1.9126826494379225,-0.5926279187808474,-6.523315165529476,-5.052118432456661
23,-2.7068044533636098,-2.6837255940506743,-2.6887072338474325,-2.39335146316787,-5.874855625725598,-6.942843409883189
24,-3.25534090403195,-3.2565493990993195,-3.259220525892894,-3.256795646680653,-9.546885554381223,-7.146368054422345
25,0.0,0.0,0.0,0.0,0.0,0.0
26,-3.2553462814737304,-3.2565932248080345,-3.256537022426911,-3.2578169348616557,-7.212888807004107,-6.669230171570226
27,-3.1064986301833692,-3.111473723162412,-3.109923373129612,-3.112554218471598,-8.748051323319627,-8.11722263872355
28,-2.6777563264432205,-2.7592411487235493,-2.7633247534589604,-2.756316771071529,-5.97354885668768,-4.585822357336214
29,-3.171152822816339,-3.1771687919629388,-3.1726023301026416,-3.1711217582266524,-8.718474804409032,-6.548279612662428
30,0.0,0.0,0.0,0.0,0.0,0.0
31,-3.089643204588436,-3.0875946258569447,-3.08900343016182,-3.08666604312463,-5.844946927105335,-7.097164323123083
32,-3.1740587203177624,-3.174404036204797,-3.1779433893556743,-3.176061165246539,-6.5453003685847735,-6.4663874851736
33,-3.009854036949326,-3.035536774526065,-3.0219380068737314,-3.017982108075039,-7.5722388772348435,-6.506412435358299
34,-3.1746753353034673,-3.179035611902639,-3.1789169099549492,-3.1857305957528514,-7.195965067829427,-7.175011369819364
35,0.0,0.0,0.0,0.0,0.0,0.0
36,0.26260092236922006,0.4710793575209725,-0.197,12.747366181102267,-1.0,-1.0
37,-1.568591858930087,-2.217422733027901,-2.236450972915731,-2.2410884312614203,-3.7675554590110067,-2.7730617087499
38,-1.0590600232212735,-1.089909699448084,-1.064739874463266,0.21098156297307968,-1.9608974370937173,-2.8182468263335068
39,-1.0943460904748734,-1.953373450638461,-1.955302169954785,-2.0305566044402097,-2.883254547050913,-3.686011644056241
40,0.0,0.0,0.0,0.0,0.0,0.0
41,-3.2222087371739274,-3.2254781173794247,-3.225081852796033,-3.223167261900865,-8.06974229345154,-5.390931900371005
42,-2.873598936309256,-2.89844807714857,-2.9028562062439938,-2.9209178666497486,-6.443396384765974,-7.472719146753985
43,-3.17505877647042,-3.183136149470953,-3.185603878330709,-3.183293168864681,-5.940006358343535,-6.449931289022703
44,-2.946174281516884,-2.9319193232732275,-2.8727980740679118,-2.9227052240596305,-6.424050003804543,-4.6323998045829695
45,0.0,0.0,0.0,0.0,0.0,0.0
46,-2.9815345959007917,-2.973898018929004,-2.8728915835311764,-2.9612086043452726,-7.050985899167284,-6.618478183317031
47,-2.4648214110695355,-2.4241897501029537,-1.993156647566618,-2.409936544747003,-4.457374883148576,-4.414143253656002
48,-2.8861884475421697,-2.986203282663004,-2.988250814749129,-2.9820449301718455,-6.417792333049506,-7.396919798119888
49,-3.2226799883365347,-3.2260157413940895,-3.2294588381562503,-3.224847796494515,-5.344057537893056,-6.04580233270089
50,0.0,0.0,0.0,0.0,0.0,0.0
51,-3.1751163828622824,-3.18224156448348,-3.178908960833265,-3.187310843838128,-6.024029890050043,-4.63834995789296
52,-3.0804355527821103,-3.0803348636725385,-3.0804475557281945,-3.0780956376569932,-7.94883270352051,-6.571081395161389
53,-2.85439958508993,-2.8587967070504954,-2.854848239971699,-2.8710204237719723,-5.231464123761921,-4.56735346645009
54,-3.097796908659101,-3.1033191632430577,-3.09686118655191,-3.0971452366696237,-4.610966335612732,-5.913122627375971
55,0.0,0.0,0.0,0.0,0.0,0.0
56,-1.583005135208073,-1.7689078811231371,-1.7674383922259858,-1.7286092602942547,-2.7777505044785102,-3.628858850142695
57,-0.2972353,-0.29109,4.784897756569879,-0.29109,-1.0,-1.0
58,-2.007244001184852,-2.036726597383381,-2.0898424945908265,-2.036505270320968,-4.495164081449105,-2.843921946927202
59,-0.7774696567029138,-1.0202795424000137,-1.0228007410953905,-1.02052546334854,-1.9700000000000002,-1.9700000000000002
60,0.0,0.0,0.0,0.0,0.0,0.0
61,-3.2459190822169184,-3.246202848315069,-3.252153179223021,-3.2467596740957947,-6.071900664791562,-7.67404266105353
62,-2.9957165989295977,-3.0033820295378737,-2.9995696399484375,-2.996667223059325,-4.474695153613321,-5.832472253433593
63,-3.2167662856227226,-3.2184425613628758,-3.2242413976515776,-3.21634067676437,-6.542347872168515,-6.632848842216476
64,-2.840496827603247,-2.8034055213266535,-2.6742271729491383,-2.811458707920163,-6.565075557196744,-5.8918465838083005
65,0.0,0.0,0.0,0.0,0.0,0.0
66,-2.945262407789197,-2.879933527061919,-2.674224419000007,-2.96517856256206,-9.000821479826977,-10.363354853939873
67,-2.319184978514576,-2.089312332802262,-1.4117330000000075,-2.368269620124982,-8.165647494659398,-7.126514159401797
68,-3.010843865819464,-3.022018931187781,-3.0254273936775307,-3.0209185171809896,-5.332978723020175,-7.9474457812511305
69,-3.251816424609065,-3.2537924407051215,-3.252752019409286,-3.251474180258134,-7.971998177404867,-9.143416332366824
70,0.0,0.0,0.0,0.0,0.0,0.0
71,-3.217256704197669,-3.2190051667329342,-3.2181549980382838,-3.2174417316499775,-6.023957936669623,-9.527156437454225
72,-3.009867219943692,-3.013886382300403,-3.03388786660243,-3.0215940449135115,-7.496069215630814,-5.882429297568937
73,-2.674328323530485,-2.707739651211597,-2.734335221688621,-2.723256093890587,-5.969223992554541,-6.295090106095698
74,-3.010366706223427,-3.012949957653432,-3.031200069079308,-3.013107982666646,-7.998832270572089,-3.8235729999999997
75,0.0,0.0,0.0,0.0,0.0,0.0
76,-1.4538164929100426,-2.033346379377422,-2.106068388231542,-2.002197308559281,-2.9109,-3.726235049573264
77,1.3013643764962661,1.8968694621157427,12.99999965008869,0.34633287057047957,-1.5997826183415438,-1.023714537277475
78,-1.4374124238496964,-2.2511414076267,-2.2813397556353134,-2.258974055142685,-4.5455159644633385,-5.06473407860285
79,2.03517260481681,-1.0202973275305118,-0.9964940590062767,-1.0816843177202178,-1.9612677037245168,-1.966201536794753
80,0.0,0.0,0.0,0.0,0.0,0.0
81,-3.261210795527168,-3.2612219301463354,-3.2625372699295583,-3.260357428231854,-7.173752671943603,-7.182214038366001
82,-3.0611445899267187,-3.057438103961566,-3.0588667581384703,-3.057149644066155,-6.60290477441366,-5.355185679104624
83,-3.239136219233331,-3.2386295190500376,-3.240906907129486,-3.2393900755681186,-7.652713420938118,-8.567640257141392
84,-2.7721426218897474,-2.661884825875886,-2.6693009717129685,-2.827698463571313,-2.3917491700000086,-11.032577962538037
85,0.0,0.0,0.0,0.0,0.0,0.0
86,-2.8504622967025264,-2.6884908371221368,-2.698813429281237,-2.8298523103933038,-2.3917491700000086,-10.030816912598358
87,-1.942653396230665,-1.615879321945658,-1.7013783354119956,-1.9958535577244572,-0.588190000000008,-9.406500872136487
88,-3.0878314522997004,-3.089455309489706,-3.0975695657723765,-3.0893436718740785,-7.597566817892385,-5.333483131743365
89,-3.263946266265809,-3.2640152734052155,-3.2634713634049852,-3.264493871633044,-8.08975810733523,-8.736545498183801
90,0.0,0.0,0.0,0.0,0.0,0.0
91,-3.243494693231418,-3.2439686765457,-3.243378379888328,-3.2432456377426324,-7.542111562000524,-8.522384639818014
92,-3.0759991487745917,-3.0737086447092685,-3.073553774197127,-3.0766983687564267,-5.323545833142786,-5.365624297906837
93,-2.832485661763813,-2.8420411562559083,-2.8556985975117133,-2.832626351735866,-5.022061089789781,-5.114256354710832
94,-3.0838687658442288,-3.089740296272632,-3.0826884461939312,-3.085123353547182,-7.505906371142523,-7.919438692761739
95,0.0,0.0,0.0,0.0,0.0,0.0
96,-1.988213100000006,-2.3831980624517497,-2.3851724938664463,-2.1765393739424033,-8.079851658176986,-2.632227555544199
97,7.927927800383478,12.90723306163626,12.547651811066029,7.972248131105029,3.9087597898845745,19.99999999999999
98,-1.988213100000006,-2.4527327671283836,-2.4036954652982514,-2.148273981431106,-10.372736127995697,-2.6497859952278966
99,0.5882999999999902,-0.7912842862052023,-0.761209885887879,-0.3278143403626901,-7.914527865997341,-1.4233876745155798
100,0.0,0.0,0.0,0.0,0.0,0.0
101,-2.9589436810126126,-2.674224419000007,-2.9359056503604424,-2.8670066535728016,-10.151797434485266,-10.65255976874657
102,-1.9911129120562598,-0.588190000000008,-2.0033131356076312,-1.561274069989964,-9.181769311326201,-7.141232674824019
103,-2.8156570318561998,-2.3917491700000086,-2.8351425729105326,-2.7015089965192414,-9.62838027989245,-10.900100290242017
104,-3.250104779402471,-3.253415307417989,-3.2505438624756247,-3.251540726166992,-6.651945409084781,-7.93981765364113
105,0.0,0.0,0.0,0.0,0.0,0.0
106,-3.2523840278613,-3.252457149782017,-3.252583982145775,-3.2546531139209516,-9.3349561641086,-7.666697418707609
107,-3.102774122480227,-3.1089292840555296,-3.102351189398693,-3.103213967649272,-8.81693670575416,-4.620224700100533
108,-1.9887022645371721,-2.6240992586501,-2.623899641042179,-2.603369694973903,-2.9004148813735933,-4.489102941763665
109,-3.0103894910289433,-3.102541342946118,-3.1014682718335975,-3.0964809840419947,-6.572027632993098,-7.89663712104587
110,0.0,0.0,0.0,0.0,0.0,0.0
111,-2.871992493230788,-3.0108916526046205,-3.0072937188162308,-2.971436850016168,-7.003537373742026,-6.554948240515509
112,-3.170582904736541,-3.1759829096720202,-3.170553636714303,-3.174318970691796,-5.823178088742974,-6.642808886928943
113,-3.007195589713394,-3.0159348549573233,-3.007228926187372,-3.012834822647516,-7.655780778414442,-4.602438217558478
114,-3.1696090894821953,-3.1727942913557747,-3.1699686249999064,-3.173906580505908,-5.344525416524157,-6.593702066137165
115,0.0,0.0,0.0,0.0,0.0,0.0
116,4.60300283200505,12.999999999999984,4.525117820905275,8.047624556516059,-0.9022779401766038,-0.9014997725938707
117,-1.4117330000000075,-2.3183861231356415,-1.641299867237314,-2.0289898042765278,-10.022180564488359,-9.311832247053665
118,4.669999999999985,0.266175184634579,-0.2403550471650568,1.6873311221430036,-5.870844081520399,-5.551045968122176
119,-0.588190000000008,-1.9784298016628146,-1.0802526383371187,-1.5548172692382476,-8.280435275695467,-8.676288359868806
120,0.0,0.0,0.0,0.0,0.0,0.0
121,-3.0235826407321347,-2.9061995413245487,-2.9657404085945585,-2.8719570933000087,-9.124175655869244,-8.840312192169172
122,-2.3598054129301724,-1.6807498046181464,-2.027854776953654,-1.4117330000000075,-8.440281130534487,-7.5386666691082675
123,-2.92475046599681,-2.794214349896243,-2.857030958915143,-2.674224419000007,-7.4424759778744605,-8.967576912087008
124,-3.2225529164868143,-3.223166054245463,-3.2287502148375893,-3.224543021723433,-5.951938236548526,-8.549238758026446
125,0.0,0.0,0.0,0.0,0.0,0.0
126,-3.222555713895379,-3.2231713555828576,-3.2287006663865117,-3.233078784806069,-8.156720163435836,-9.186131660374727
127,-3.0103760250786142,-3.0594987874553468,-3.0304544598661125,-3.0399552993803933,-7.1296699401890855,-5.977144234245364
128,-2.3918879537001607,-2.7170190631271964,-2.6699253989518525,-2.6400543509502827,-7.506814813573962,-3.7876205463941655
129,-3.1073624657167174,-3.1219904779593146,-3.129630776573486,-3.125560406297192,-6.618511952151801,-7.500962865150313
130,0.0,0.0,0.0,0.0,0.0,0.0
131,-3.0103876037597606,-3.021318280755982,-3.0211904944101673,-3.015269080960543,-6.512530418649437,-4.584791979713535
132,-3.10725734666842,-3.1500884849452415,-3.1168592736791654,-3.128798109538021,-6.023955172963023,-5.962359678386431
133,-2.871966582492472,-2.952039517235976,-2.91322947000348,-2.9560790682364377,-5.768128225161547,-6.552508804058473
134,-3.107261868194545,-3.1558412842896466,-3.117261943097503,-3.1450209085518988,-7.1775666474828705,-7.109630506394902
135,0.0,0.0,0.0,0.0,0.0,0.0
136,-0.30281017,0.4642413686551152,0.9013844794608132,8.097031234780006,-1.3432494614006618,-1.0
137,-0.5896842091073693,-2.0453896811220478,-1.8901962674524833,-1.9693721579907364,-3.6650361307601917,-3.66217923858124
138,-0.9842020792510336,-1.0228758214494709,-0.8304860773242505,2.1877234415803977,-1.0,-1.907
139,0.5847562700824874,-1.7179167301423677,-1.6736317611100258,-1.6267580908532009,-1.9700000000000002,-1.9700000000000002
140,0.0,0.0,0.0,0.0,0.0,0.0
141,-3.1750813508733264,-3.184339868472438,-3.1845903089844287,-3.183185713163322,-8.547512687619085,-8.49585940940581
142,-2.6743382486661287,-2.8380477617232627,-2.8236120632001813,-2.8041739385210143,-5.963184671521728,-7.959388000040688
143,-3.1072591737053443,-3.1559490541911477,-3.1614630185446315,-3.1292371073196676,-7.154720436767543,-10.029839362005363
144,-3.058913929508745,-3.0116021620161453,-3.0103699653083673,-3.0302147857113817,-7.105744477161084,-9.15565844235877
145,0.0,0.0,0.0,0.0,0.0,0.0
146,-3.041223637468862,-3.038142877068446,-3.010446783837599,-3.0398452524327695,-7.908090239587925,-4.584491202327012
147,-2.6940949378442656,-2.4913424844955436,-2.3917491700000086,-2.599387792562992,-6.985283417590463,-7.420509600472882
148,-2.674526395747158,-2.9300249524228956,-2.943390382104005,-2.9171851406907345,-4.573661843318178,-5.319001834243129
149,-3.1750817284893422,-3.2044456811249624,-3.2051768451018363,-3.197129922893948,-8.503999914337726,-9.950425715884666
150,0.0,0.0,0.0,0.0,0.0,0.0
151,-3.1072592341036778,-3.1494563826157784,-3.160156838665687,-3.1443971472148595,-9.298144428301754,-8.54656376292387
152,-3.00671888371117,-3.010096941018932,-3.0063255162597255,-3.010240102463583,-8.026843919480878,-6.551250099635568
153,-2.6744550850766933,-2.7354702072260553,-2.7059825296226783,-2.7259548986403974,-6.431943455140224,-7.488181206505544
154,-3.0100412395871126,-3.0417545714415577,-3.010018753406862,-3.0299465408744473,-8.308981357994039,-6.609671746887806
155,0.0,0.0,0.0,0.0,0.0,0.0
156,0.5560650035372562,-1.5807324683286463,-1.4763818752251952,-1.4634404356045296,-1.9700000000000002,-3.657894483748032
157,-0.7271306395633665,-0.28513771633436813,4.308194055414866,-0.6400571840629,-1.756253997131782,-1.0
158,0.5544006833084424,-1.8272819213716516,-1.823990019923332,-1.8229195131207108,-4.745110134731852,-5.85464362995227
159,-0.5546168567228766,-1.0801388082809915,2.247010751283241,-0.5273276653125106,-2.60820180205562,-3.3282464555464117
160,0.0,0.0,0.0,0.0,0.0,0.0
161,-3.2212761193546617,-3.2272891861727473,-3.226026840375961,-3.221347379994626,-8.790427073687203,-6.6424658552710705
162,-2.871969232479347,-2.879069075417514,-2.9177926950435253,-2.8783489054504248,-5.156460328133849,-7.491969524905318
163,-3.1747782000460925,-3.182281340776053,-3.190467025865788,-3.174808273097134,-6.986658966081653,-7.080011532773989
164,-2.9522373360473817,-2.880122572959654,-2.8719570933000087,-3.019303045678242,-8.454951950343714,-10.411701890421101
165,0.0,0.0,0.0,0.0,0.0,0.0
166,-3.0110497770079236,-2.8719570933000087,-2.9129493746867525,-3.074593407874426,-8.429585110972669,-7.965532331330435
167,-2.51665888851241,-1.988213100000006,-2.082994930544782,-2.5033833249341244,-8.962920421479978,-8.69985591376094
168,-2.871957818892085,-3.0114112403043554,-2.9822226100725175,-2.93361441457077,-7.125924583414374,-5.896476557305603
169,-3.2224473839573395,-3.2229864958980254,-3.2271924305912068,-3.2224447345117877,-7.226791921956567,-8.114861320374
170,0.0,0.0,0.0,0.0,0.0,0.0
171,-3.1750800037857787,-3.175126731149538,-3.184067221795609,-3.1750799718457072,-8.750141909747349,-8.653169306298485
172,-2.87195712739802,-2.97346174990742,-2.964630583692442,-2.9468318882623485,-7.59517075318369,-5.2509032024780025
173,-2.3917491933180703,-2.67123479667428,-2.6420899522483365,-2.682817478369412,-4.550565963383137,-6.433970357928365
174,-2.871957105888387,-2.9647394114529173,-3.000049294679077,-3.011363633524712,-8.483386611215284,-6.61771000197397
175,0.0,0.0,0.0,0.0,0.0,0.0
176,-0.588190000000008,-2.0063260949049355,-1.9629763630365091,-0.8725396407278219,-8.687704498631032,-9.152062356239366
177,0.5183833597945893,8.099902902274776,1.9559817305999971,-0.19810104577781773,-2.1875547547231977,-2.2850056391496016
178,-0.588190000000008,-2.0903433899569417,-2.0152332819114696,-1.5127902012627672,-8.334531256492523,-8.878204078819072
179,4.669999999999985,-0.33595914675509253,0.31725267144924557,0.15552913677729457,-6.224540564144778,-4.732723859882823
180,0.0,0.0,0.0,0.0,0.0,0.0
181,-3.24736089535098,-3.2501419159113754,-3.2490696027574155,-3.2478252461621406,-10.03475008858181,-5.360759025938274
182,-3.000982543446129,-3.0023528728661653,-3.0016333299458453,-3.000166601601765,-6.56577512759233,-5.889316514810663
183,-3.2170225206954672,-3.2170232844629747,-3.219739083907178,-3.2164800887062874,-5.409385541790311,-5.858762711915718
184,-2.945177275934813,-2.674224419000007,-2.862549469811167,-2.9784792713331654,-9.810309839763724,-9.338905562709998
185,0.0,0.0,0.0,0.0,0.0,0.0
186,-2.911097592922042,-2.67422441941374,-2.893039883923969,-2.9136320033579093,-8.247181928464071,-5.876071165174903
187,-2.270181126706196,-1.4117330256606417,-2.1572992860463027,-2.257440863055446,-2.901719772060475,-4.4600383829879435
188,-3.0167995714827596,-3.0254237292297694,-3.0233738124810836,-3.0107114753334767,-5.25437693701706,-4.575915639986125
189,-3.2516821936184517,-3.252696021609097,-3.251932721510408,-3.2515568421872985,-6.670581348179798,-3.677786758164764
190,0.0,0.0,0.0,0.0,0.0,0.0
191,-3.2196972000794517,-3.2231747450838935,-3.2229560357250904,-3.2196979138866224,-5.999522932975239,-6.999187546006401
192,-3.0012976047369357,-3.006304856855215,-3.0028007792349523,-3.0013530540766933,-5.291399932750557,-8.329164351581598
193,-2.674999193029914,-2.689308997308067,-2.7059773570244423,-2.6741334008538287,-4.534239674934997,-6.461231809519558
194,-3.004387031749856,-3.0045649609214813,-3.0134589420741156,-3.0038484070509837,-6.023517303161762,-4.587601765631534
195,0.0,0.0,0.0,0.0,0.0,0.0
196,-1.5000399910692794,-2.341048957643603,-1.9908585258793048,-1.4117330000000075,-9.790068241321595,-9.621886124200946
197,4.617556791574196,12.999999999999984,7.963727188343575,4.6021644245359,-0.9009184806229943,-0.9004769958946451
198,-1.5543638001310247,-2.3845965527010957,-2.0550248702030385,-1.4117330000000075,-8.171828168584153,-10.185788025960992
199,0.5136593122087245,-0.7125317391470208,0.2651313192187014,2.2689999999999864,-7.216596206112735,-5.561175874885718
200,0.0,0.0,0.0,0.0,0.0,0.0
201,-2.9856733076086,-2.8719597395967678,-2.9967382821690887,-2.9649181755996006,-7.930298892853379,-7.958110873612878
202,-2.2395863911302545,-1.4117409629078428,-2.258854495696737,-2.2184121893804662,-5.73925330293836,-2.871478038739957
203,-2.9037529969202596,-2.674229769436761,-2.9132915177959693,-2.861233605874544,-8.239839766848275,-7.046519363736767
204,-3.2290920410107526,-3.223604721046916,-3.222550592613328,-3.2283972751025467,-6.055376490183981,-7.566639961153836
205,0.0,0.0,0.0,0.0,0.0,0.0
206,-3.231685784206353,-3.235391809784628,-3.2225565601569053,-3.2282441279580136,-7.149504880393157,-8.106969380177162
207,-3.0510284726898864,-3.053868057931112,-3.0103710418701186,-3.0318697657509137,-5.941412618573242,-5.930305268061125
208,-1.4117330000000075,-2.4396894047929596,-2.423823039831926,-2.143623817989127,-9.68132905276214,-10.04018426801314
209,-2.8719570933000087,-3.099468281504104,-3.093570429333462,-3.022744969703448,-9.73826572887272,-10.615851318880152
210,0.0,0.0,0.0,0.0,0.0,0.0
211,-2.674224419000007,-2.990598625477842,-2.9841186423688355,-2.8767651695827783,-9.578161730097538,-10.522203106359544
212,-3.1209690507800882,-3.130914977243822,-3.1072590461473277,-3.123333909919955,-8.108926378822511,-6.035422493530465
213,-2.9631397585878587,-2.955708053682874,-2.8719573701149943,-2.9416884630719373,-5.992900776773691,-7.015819607929144
214,-3.147599913366296,-3.126675389084904,-3.1072600296888644,-3.1337781547304866,-8.125981610143276,-7.613985243533161
215,0.0,0.0,0.0,0.0,0.0,0.0
216,2.26246344526297,8.099999999999985,2.2489717985701065,4.608450019801497,-4.324031646283522,-4.326794173388945
217,-1.9925893330047937,-2.0064851270369983,-0.588190000000008,-1.4700339506334759,-10.242711846086033,-10.214197050429808
218,8.099999999999985,2.233992017246039,2.224961219736921,4.575764695893383,-4.312837943965887,-4.309604203153175
219,-1.4340000369909403,-1.4361945528030557,0.5882999999999902,-0.6665116621788644,-9.217852300055545,-9.3295523616404
220,0.0,0.0,0.0,0.0,0.0,0.0
221,-3.1230215353153996,-3.0103699653100096,-3.1230440232467016,-3.0243568900376476,-8.815409273265363,-9.39258637520653
222,-2.539966231422744,-1.988213100000006,-2.6251618075039107,-2.1661044342401685,-8.018549361111313,-9.236150446964444
223,-3.0888773070645446,-2.8719570933000087,-3.0648105885368353,-2.899543590740314,-9.878450377029187,-9.68887874339599
224,-3.192384474249029,-3.1870783717617837,-3.175081281851402,-3.217449024356731,-7.743407224870723,-8.940921282245306
225,0.0,0.0,0.0,0.0,0.0,0.0
226,-3.2088040363388552,-3.1844559980935436,-3.1750812830049426,-3.211253851582031,-9.643904716755515,-8.190526213529237
227,-3.0134220940901373,-3.0200748586081474,-2.8719570933138323,-2.9935154239200568,-6.99640343890346,-7.956982660811133
228,-2.6792412359212134,-2.6861397553778406,-2.670223064494103,-1.988213100000006,-9.657526775384783,-7.733364639806279
229,-3.162490127485747,-3.1462006410660535,-3.1626677940758987,-3.0103699653100096,-10.192693326689675,-10.177335875252604
230,0.0,0.0,0.0,0.0,0.0,0.0
231,-3.082557231720378,-3.076662596806999,-3.0669690316257645,-2.8719570933000087,-10.632879311724054,-9.924959650518014
232,-3.082940612518673,-3.089362847785937,-3.0103699653103093,-3.070584352726054,-5.393183026761043,-6.951964165286963
233,-2.890648730848941,-2.8701524607100066,-2.674224419000089,-2.9074707719987507,-9.025334881049282,-7.0542710576403485
234,-3.12290412186123,-3.102544628986047,-3.010369965310637,-3.101456078884074,-9.756518671055085,-7.027501923923314
235,0.0,0.0,0.0,0.0,0.0,0.0
236,-0.07672144861682892,4.362710191821089,0.526442178701559,4.669999999999985,-6.319604967818584,-6.461102977734026
237,-1.5068262585480738,-1.4502293706777816,0.5882999999999902,-1.4226770432794604,-9.45086027279165,-9.30293636608402
238,0.060646161995082,0.2308255328848786,0.5062273199451278,4.669999999999985,-6.668875081845222,-6.692416336248918
239,-0.8161382939786928,-0.6302821979103674,2.2689999999999864,-0.6011390210742236,-8.099832137606402,-7.77218036358251
240,0.0,0.0,0.0,0.0,0.0,0.0
241,-3.1599097152247766,-3.1601336951336068,-3.169907903376155,-3.1072589757170093,-10.873270200532678,-6.5961901139622885
242,-2.7744432398489947,-2.770570788255308,-2.7237302777703385,-2.3917491700000086,-8.918007443541025,-8.83686400138783
243,-3.1011952905972535,-3.1039481087710876,-3.1155256997471206,-3.0103699653100096,-9.93599970356055,-9.206367281907099
244,-3.168096900901356,-3.107258975293189,-3.1072589753353004,-3.1250124568708135,-9.452964127866812,-8.484710849285467
245,0.0,0.0,0.0,0.0,0.0,0.0
246,-3.1631965268011797,-3.1150254464367646,-3.1072589757170093,-3.164788753331444,-8.936919124612693,-9.101154480093948
247,-2.8996528155005534,-2.674224419000007,-2.7095542505797496,-2.90181650382191,-8.290369097785865,-9.770696010266887
248,-2.870980817465567,-2.8649031574293566,-2.8623500499381533,-2.3917491700000086,-9.438991010615265,-8.20586989482357
249,-3.1972519679619196,-3.1989874193862606,-3.1859873863802175,-3.1072589757170093,-8.715041819560575,-7.731669743843215
250,0.0,0.0,0.0,0.0,0.0,0.0
251,-3.1412626809397795,-3.1557533069176946,-3.1443571623246465,-3.0103699653100096,-10.21338462473746,-9.98627969690039
252,-3.0102006425913714,-3.0172743179665638,-2.8719570933000087,-2.982513221688739,-8.403301805611184,-9.391373299499381
253,-2.786325330865383,-2.795432931277692,-2.3917491700000086,-2.8302468044074147,-7.874977564675835,-9.67232262445214
254,-3.0727790432470776,-3.070334461141959,-2.8719570933000087,-3.0683073991653957,-9.647930676502869,-10.750647061224708
255,0.0,0.0,0.0,0.0,0.0,0.0
256,-0.8791288842037867,-0.7995158939333133,-0.6057719627990193,2.2689999999999864,-8.084595285058588,-7.949349178655284
257,-0.8198454164399175,1.3763562014625668,2.2689999999999864,-0.6115889567980021,-8.11606216918463,-8.197907528926464
258,-0.7859734859645993,-0.7362358057654691,-0.6767945831065957,2.2689999999999864,-7.966575257294158,-8.349914983135264
259,0.2609686488111772,0.4000305456251544,4.669999999999985,0.3624637388962284,-6.431069529776371,-6.488999699092972
260,0.0,0.0,0.0,0.0,0.0,0.0
261,-3.2060770991192564,-3.213330219830183,-3.198726903477916,-3.1750812830316857,-10.097699299795515,-8.810032551550917
262,-2.9018145211974504,-2.8225398906105066,-2.8584063367821106,-2.6742244190004962,-7.963056175655201,-9.963081274995844
263,-3.164382946147223,-3.1616080720122612,-3.158684346652342,-3.107258975734946,-8.11582948865841,-9.701790589244522
264,-3.0877150330293586,-3.010369965309206,-3.010374091701846,-3.0655434202753082,-9.222137434495602,-7.6325095551648285
265,0.0,0.0,0.0,0.0,0.0,0.0
266,-3.1025056479403883,-3.0103699653100096,-3.0255148801224925,-3.0917210622374816,-9.19348351973182,-10.656022569969569
267,-2.6822385545805725,-2.3917539874736087,-2.5562514123012616,-2.5937057765605482,-6.955054969724982,-7.784472959632104
268,-2.9804412604617294,-2.9681378785155874,-2.9616730301126966,-2.674224419000007,-9.788643586282479,-8.736346217571029
269,-3.2304636533466073,-3.2186465588882767,-3.2295643587459155,-3.1750812830025428,-9.274031654333362,-8.074345233727959
270,0.0,0.0,0.0,0.0,0.0,0.0
271,-3.1589401726749298,-3.1619127569140812,-3.171562430144615,-3.107258975717165,-9.783118134260617,-9.437494264441847
272,-2.674224419000007,-2.947252872671452,-2.9141505308737514,-2.9681255862204208,-9.788819338962865,-8.34864622003907
273,-1.988213100000006,-2.6499978833796454,-2.588004281198906,-2.5938425170750117,-7.742662686827115,-9.635700120234116
274,-2.674224419000007,-2.9477886097719024,-2.954939153338803,-2.9690846460290032,-10.764042946917039,-8.695416388970763
275,0.0,0.0,0.0,0.0,0.0,0.0
276,-1.4189046543971333,-1.4176747578589848,-1.451554271167303,0.5882999999999902,-9.189499424430894,-9.194869844450661
277,0.5638789793204902,4.58620701040293,4.669999999999985,0.5791784656700126,-6.690544148966801,-6.639222014691784
278,-1.421632693667747,-1.4281838770880593,-1.5293309437056344,0.5882999999999902,-8.979429373539544,-9.054351543434253
279,8.099999999999985,2.252599428775474,1.9194013724863388,2.254259972300435,-4.2904214390169,-4.29777930232204
280,0.0,0.0,0.0,0.0,0.0,0.0
281,-3.224222449121669,-3.2310507004261844,-3.2226656795891864,-3.2225236632969785,-8.155889041787987,-8.453758583337612
282,-2.956256020300551,-2.906832397917336,-2.9197750629938293,-2.8719769932937336,-7.547968939046767,-5.135007377583371
283,-3.1882677670837505,-3.182734942930208,-3.1790169450391126,-3.175070517389379,-8.925698188746052,-8.455257788363184
284,-2.9391308752363052,-2.8719571624217157,-2.949774604666432,-2.9755975623997166,-6.422013397347089,-8.624852199097635
285,0.0,0.0,0.0,0.0,0.0,0.0
286,-2.9928035816190093,-2.8719574532162304,-2.9925930262535143,-3.0261016079793976,-6.608542310830709,-5.3561523930067985
287,-2.4660006294130197,-1.988222166884642,-2.434724460578122,-2.5265050388235197,-6.401614584557603,-6.3659202307295555
288,-3.0028249088145946,-3.0081670732943344,-2.9766381165231466,-2.872577011717736,-5.244734629534862,-7.029600421153491
289,-3.2353672294338094,-3.233589286400731,-3.226288671847344,-3.2225606911260267,-9.454685037838807,-9.218503425471397
290,0.0,0.0,0.0,0.0,0.0,0.0
291,-3.19136860639598,-3.192397269723154,-3.19100191374034,-3.1750852983419517,-7.454815062769945,-8.092586375892983
292,-2.8709124677667344,-2.8870084352251926,-2.8844426538833927,-2.8709131279522118,-6.971242944309989,-5.943124157056865
293,-2.39591960620497,-2.527900997487575,-2.5781283509932114,-2.5011249722699525,-2.8539408511697424,-5.2891397694865026
294,-2.8750318924491984,-2.919437758319101,-2.8983266187926873,-2.8719654174702316,-6.479391729443418,-7.109901617472879
295,0.0,0.0,0.0,0.0,0.0,0.0
296,-1.7706930752146244,-1.7377536078872704,-1.703167733073227,-0.5887426954831804,-3.560325266254665,-3.6808053321389735
297,2.141104521033122,8.099999999999985,4.618890495306899,2.2578879740182036,-4.3123635189294,-4.3046942548342075
298,-2.0949033047582892,-2.0598452833181486,-1.973350433456664,-0.6004374168858121,-4.340408068255615,-5.0379714358347885
299,-0.5792147920819,-0.5996662209788448,-0.55675998357,4.6026769741091975,-1.0,-2.6007056822946883
300,0.0,0.0,0.0,0.0,0.0,0.0
301,-3.0204205415991847,-3.0105698642343905,-3.0227691345262215,-3.022977500673493,-8.020143081660294,-7.535824765915359
302,-2.3782169839665066,-1.9894750777248231,-2.366515315104084,-2.3675027013684344,-2.9043121367353804,-4.437606701576065
303,-2.96690687353229,-2.872600123002569,-2.932728544188085,-2.9319862665025695,-5.132890585921201,-4.501370047196746
304,-3.2599674977812665,-3.2553202176488716,-3.258530962356422,-3.256571358373497,-6.6193642510259325,-8.529636279240737
305,0.0,0.0,0.0,0.0,0.0,0.0
306,-3.2562470338705367,-3.2554770857920095,-3.25629228899716,-3.259063917768721,-7.088772782086523,-7.971928759713818
307,-3.118083311205611,-3.1071910772124136,-3.111242149442427,-3.1178167567284465,-4.512694172247203,-5.309026103332084
308,-0.588190000000008,-2.0358825107132255,-1.6556178404605564,-1.56112661565733,-9.605341401187642,-8.4896830794797
309,-2.674224419000007,-3.0046370851377637,-2.885640332186292,-2.8843681458468096,-11.342587081753713,-10.370116291644173
310,0.0,0.0,0.0,0.0,0.0,0.0
311,-2.3917491700000086,-2.837210005262792,-2.692963395889782,-2.7019069781721754,-10.495476565667069,-9.872561396255866
312,-3.18111447808192,-3.1748245069486383,-3.1789016357332294,-3.1833768891893084,-8.055776669026455,-6.011410693306582
313,-3.0134180482500827,-3.0104062641396045,-3.0385980620866015,-3.013684157619055,-6.418615943283067,-8.67604532050908
314,-3.1789541702909747,-3.175110546808751,-3.1779506541619225,-3.187288033383933,-7.161355199055337,-5.386120278268653
315,0.0,0.0,0.0,0.0,0.0,0.0
316,0.36893028218404444,4.669999999999985,1.8354915646275807,1.6783245384934755,-5.802100445644662,-5.837978330506131
317,-2.3850415902577184,-1.4117330000000075,-2.0827773683380215,-2.1308355746742333,-9.492685731781343,-10.09683356382805
318,12.999999999999984,4.483678167719295,8.000485482256712,8.059364629430759,-0.904251601892639,-0.900977984443445
319,-2.004156990364758,-0.588190000000008,-1.5754136694197187,-1.5765661458128781,-8.272076533180345,-9.168982761709973
320,0.0,0.0,0.0,0.0,0.0,0.0
321,-3.132816869336221,-3.10725901274613,-3.1301519404445335,-3.116412104944941,-7.623331734940523,-8.667512950988016
322,-2.614049387709591,-2.39179337323052,-2.6202853139923943,-2.605947002903149,-4.526511303710718,-7.595539296129847
323,-3.093240098406104,-3.010370470297268,-3.06644307573032,-3.0716658346729178,-7.665570613892636,-8.761917445593216
324,-3.2197049324547344,-3.2181623484840505,-3.2177184899805975,-3.2188366016956245,-3.7986308735173946,-5.363245205539883
325,0.0,0.0,0.0,0.0,0.0,0.0
326,-3.222336551913581,-3.2180833012658567,-3.2177930704890017,-3.2195026547554244,-6.576891041338496,-6.503587060320273
327,-3.0296996234309894,-3.0060680725362703,-3.0061949293237293,-3.01118418162321,-7.50906814668561,-5.354154557569466
328,-2.805318177867517,-2.392161796321583,-2.804040506611673,-2.780594175677201,-5.841553519189738,-5.941945686135999
329,-3.154439695201553,-3.107269199571694,-3.168962137163439,-3.1567208551631842,-7.625921325189053,-4.595137729577664
330,0.0,0.0,0.0,0.0,0.0,0.0
331,-3.082062894388031,-3.0103713750267067,-3.072980282932723,-3.0710659287968687,-6.498838910310889,-5.37050101976026
332,-3.1043110772776794,-3.1024377604920943,-3.102809619361597,-3.103741803494435,-8.862962492985995,-7.147083477773827
333,-2.885214998166887,-2.871896998658041,-2.8718982729065794,-2.8729383096622367,-6.888763554340522,-4.45803117162992
334,-3.124235790422602,-3.105817708003208,-3.1056967508203543,-3.1110114780884297,-5.883971874216158,-7.643143578621082
335,0.0,0.0,0.0,0.0,0.0,0.0
336,-0.9433605072608322,1.9287218895424496,-0.8348689054159353,-0.8752529103502392,-2.5737132141907484,-2.73576
337,-1.563819152312497,-0.6223171994916745,-1.5589017159481844,-1.5605851523160832,-2.8788785353682576,-2.845814343233881
338,-1.394547454959784,2.064514958548902,-1.2842265375210293,-1.2858211551243812,-4.692108932743507,-3.47297213624235
339,-1.1619460868011795,0.5068941262587957,-1.0541980844791212,-1.113547903337662,-2.8012676200985402,-1.9133
340,0.0,0.0,0.0,0.0,0.0,0.0
341,-3.1761671816174517,-3.1702395225780102,-3.1739834412781547,-3.1702681925217284,-6.621351219328062,-5.853731951291281
342,-2.7052110963256677,-2.674029570101828,-2.6879213368392407,-2.6740480893637595,-3.8069047364649,-4.522745830609662
343,-3.1093022327685316,-3.1050477145720436,-3.10815337362697,-3.1048682897071576,-8.013081558146126,-3.8235729999999997
344,-3.1882579467132777,-3.1750796998590403,-3.1827268602709364,-3.1765499394954797,-5.274427814444431,-7.169639057928377
345,0.0,0.0,0.0,0.0,0.0,0.0
346,-3.1858417014523086,-3.1750808249911135,-3.182985683479733,-3.187539500726457,-8.479816758304032,-8.488422045678643
347,-2.9241403423963317,-2.87195877887364,-2.9234229532835547,-2.9344218612366335,-8.480760027564466,-8.302956926803654
348,-2.842846606543199,-2.674605030999802,-2.8430809302345312,-2.8201713061323397,-4.410766954250096,-6.502867301185491
349,-3.1753956852154435,-3.175021212334263,-3.1787852558407,-3.1750205711093535,-7.537972961659507,-7.443075073265275
350,0.0,0.0,0.0,0.0,0.0,0.0
351,-3.1156098936252716,-3.1065358421436957,-3.1112330623705544,-3.1064935110077387,-9.017035588405141,-7.644121224872225
352,-3.0235190280758437,-3.0103699876918806,-3.0311385020136554,-3.034640805514598,-7.593207882297352,-10.141405268547043
353,-2.824734011625309,-2.6742375991193525,-2.818129053033474,-2.86834055068481,-6.441711717745133,-5.941533075701069
354,-3.0673405082675775,-3.010370831120112,-3.049685531952323,-3.0960822814028233,-7.106305794103741,-6.515684956900659
355,0.0,0.0,0.0,0.0,0.0,0.0
356,-0.979646809345784,0.4545965680123135,-0.9489953230397321,-0.9246126186666809,-1.8692181558212644,-1.9586302484745546
357,-1.4122043199963066,0.49818499039301545,-1.3798910792557997,-1.4334733201426229,-4.882822089483926,-3.4578533744115534
358,-1.4663244381979297,0.5212263212789539,-1.3060315081149698,-1.3755355834004868,-2.7389216891658372,-2.793446032551823
359,-1.1404424904093071,2.1426792025110606,-0.9948202572295782,-1.1338105125616336,-1.9700000000000002,-2.797208199163517
360,0.0,0.0,0.0,0.0,0.0,0.0
361,-3.2297381865199633,-3.222546460183337,-3.230279072762176,-3.2258258615029938,-6.639606057880284,-9.240132104078446
362,-2.946823908203481,-2.871961780000043,-2.9243976222009733,-2.9380835699566896,-6.453436400123887,-7.91377135610489
363,-3.1842675917323398,-3.175082244188096,-3.177769266179538,-3.1829581644329714,-6.072506317410819,-6.465728252050048
364,-3.1058702542329946,-3.101271266547456,-3.101017501460988,-3.104190863441094,-7.586094895570257,-7.051204336581064
365,0.0,0.0,0.0,0.0,0.0,0.0
366,-3.1264578365322766,-3.1057642173555857,-3.1057057992392676,-3.114806492635528,-6.423683365880134,-7.626270314464236
367,-2.7165502506120984,-2.674300195012881,-2.6765387200037334,-2.6838485776386745,-5.923597221311025,-2.84979
368,-3.00881179043891,-2.8719576565477345,-3.0116801558616517,-2.9896362752080012,-7.090245111997901,-8.432183934469151
369,-3.230034428668906,-3.2225570452343675,-3.238354910668651,-3.2387315849266933,-8.122057522657503,-7.593477487766287
370,0.0,0.0,0.0,0.0,0.0,0.0
371,-3.19075342117065,-3.1750822146406987,-3.185482669435111,-3.1875462751074934,-6.654889231451334,-4.605655579169875
372,-2.3917491700000086,-2.810874471863407,-2.7880852174443946,-2.666496956906713,-9.866745298029064,-10.606457175880573
373,-1.4117330000000075,-2.3540151777320393,-2.31578653891259,-2.0703955451905784,-9.90332428302164,-9.78638545313337
374,-2.3917491700000086,-2.8271864305842502,-2.8437304077413708,-2.6888597376323577,-10.189247490280774,-10.048136831678166
375,0.0,0.0,0.0,0.0,0.0,0.0
376,-1.9212664820308565,-0.588190000000008,-2.0685888510557815,-1.4868284904185642,-8.279112208089906,-9.410394786683415
377,-0.6884789268205584,2.2689999999999864,1.313406101076602,0.22835462736954945,-6.088639776342292,-7.707567847449613
378,-2.009447533100572,-0.588190000000008,-2.064794731802325,-1.6149315052013298,-8.894099935174367,-9.282002088371813
379,12.999999999999984,4.6355871636937565,4.5530817506147105,8.060358827017641,-0.9002465034705434,-0.9038816121513383
380,0.0,0.0,0.0,0.0,0.0,0.0
381,-3.252778551575765,-3.250235619651445,-3.251640796038267,-3.2501079419675616,-8.38884323615676,-7.5962857259793015
382,-3.0161634709386753,-3.0049180979864945,-3.012781506562478,-3.0052870081793683,-6.611658256167339,-8.674592917387598
383,-3.2235752021406254,-3.2185135454132654,-3.219150907907741,-3.218653236142747,-8.976185966025197,-7.141599138794606
384,-3.0372088080716595,-3.0103760232886736,-3.022630056280426,-3.0358062169055158,-8.072789801915198,-7.098895464138579
385,0.0,0.0,0.0,0.0,0.0,0.0
386,-3.0642588507904707,-3.010382264591585,-3.0552627261347363,-3.0927165699400483,-7.117240633835476,-5.88746712167662
387,-2.65242338499377,-2.3921716281571275,-2.6026874495364294,-2.596268935585071,-5.9138626630831475,-7.365505126072023
388,-3.0690174664529652,-3.027945397262692,-3.0481317553555987,-3.011153346273306,-5.378434926243619,-6.468330008168502
389,-3.2568476016796604,-3.2550780607449017,-3.2588225830004762,-3.2550406379952483,-7.666114871467192,-8.100588139358798
390,0.0,0.0,0.0,0.0,0.0,0.0
391,-3.22123427477374,-3.2193104722853834,-3.2224714126376237,-3.219603481291513,-6.092522158590443,-8.091491812991631
392,-2.70351930769082,-2.718784128496038,-2.7254268060896365,-2.6742376028811496,-6.578782667577256,-4.600077500728279
393,-2.310367203552512,-2.4155953319835515,-2.352052065422277,-1.9882992587480264,-3.6965525988948356,-6.325234303783677
394,-2.770618151012493,-2.807655285106562,-2.778109609024827,-2.676504169890429,-7.014638507805753,-7.218235551251834
395,0.0,0.0,0.0,0.0,0.0,0.0
396,-1.865777863218371,-1.4824324750327016,-1.9091736936816321,-1.8618533093704723,-1.9700000000000002,-4.42160040935086
397,-0.7198638305457195,4.6642124229666155,-0.720855468541013,-0.6772106980941107,-2.419732874803196,-2.677014909498999
398,-2.105954025561195,-2.120005012401578,-2.113372252438369,-1.4488434166053434,-2.9109,-3.761088861247825
399,1.1914901752144633,-0.2976763,0.19490744009010896,8.073232964780262,-1.7407530099010968,-1.3389707750111919
400,0.0,0.0,0.0,0.0,0.0,0.0
401,-3.103659774252282,-3.102745977000962,-3.1032560753058465,-3.1110488969831542,-5.896381731921403,-6.442627961492689
402,-2.4503543801757117,-2.4067283126267065,-2.4577403633817,-2.460057881509983,-4.445074944119285,-3.584408643603699
403,-3.0212118940193866,-3.009758021073527,-3.010886450415233,-3.0136613144158018,-5.288845017587796,-6.387820109447728
404,-3.2755255907511893,-3.274569311979267,-3.275031745101053,-3.2764468066439503,-6.6390055352917505,-8.518316841135931
405,0.0,0.0,0.0,0.0,0.0,0.0
406,-3.2751502033935607,-3.275042551665491,-3.274961521671284,-3.275803750288206,-10.608286884797197,-8.384255383429718
407,-3.1694764746832007,-3.16729841032437,-3.167623611980914,-3.1685427882259924,-8.843234270735138,-5.364520556184049
408,-0.9391010886328569,-1.568402154268471,-0.8088620912031232,-0.9886955316697152,0.5882999999999902,-8.718905973559265
409,-2.6884887513556626,-2.8526936166450962,-2.6891419500046476,-2.684911569813396,-2.3917491700000086,-10.205667572605712
410,0.0,0.0,0.0,0.0,0.0,0.0
411,-2.429396050650919,-2.6540619721530003,-2.426186768724772,-2.4491730921441945,-1.988213100000006,-9.647763702480749
412,-3.2183687233938336,-3.217741757452469,-3.219329842214541,-3.2197215399125056,-5.974455132931859,-8.052117995317284
413,-3.103214388401992,-3.1017825363833564,-3.1041416496390877,-3.1043014044391337,-8.281170609356694,-7.040161532495294
414,-3.2218471521447984,-3.2206898157716215,-3.222956972170347,-3.2217778776302133,-5.40135867131363,-9.246279621278159
415,0.0,0.0,0.0,0.0,0.0,0.0
416,-0.12760197562882586,2.2689999999999864,0.008448947787485998,0.2552847624828652,-7.313863362352788,-0.7216268396597534
417,-2.4126074297432405,-1.988213100000006,-2.450339994813473,-2.406900443852478,-10.848628601277307,-2.669884596645711
418,12.907357732958745,8.047361268517637,12.925248962106329,12.844287330638888,3.9649174317575064,19.99999999999999
419,-2.07113260757184,-1.4117330000000075,-2.0605355042866162,-2.0269699655147644,-9.143542070689433,-2.3725256293936825
420,0.0,0.0,0.0,0.0,0.0,0.0
421,-3.18177862610013,-3.174682505098227,-3.1819447604630993,-3.1747452854865554,-7.2065560194020915,-7.947474372374462
422,-2.7009386494197387,-2.6759959861549203,-2.7068814124492278,-2.709132807873798,-5.268774300961303,-7.757665128986369
423,-3.116502546027179,-3.1070165273722345,-3.109365645187401,-3.110838451859549,-6.065274277048617,-6.442463353526618
424,-3.240533951385803,-3.241569117730402,-3.240477861253887,-3.241039614066718,-7.570136429826415,-8.408341395606538
425,0.0,0.0,0.0,0.0,0.0,0.0
426,-3.2357554658841683,-3.2366938503214984,-3.2363241854977742,-3.23522289677617,-6.023368862960873,-6.55398177549475
427,-3.0816631629701874,-3.0823014661491523,-3.083654989311152,-3.0822341604578547,-6.587668658476342,-6.014538030943472
428,-2.8714930525336717,-2.7009579740916014,-2.8899385132015496,-2.8754127906479447,-5.888982678429614,-3.810618341374716
429,-3.178234292055008,-3.17553300631078,-3.179720321648073,-3.1786939282758997,-7.211813860760283,-7.016029725177658
430,0.0,0.0,0.0,0.0,0.0,0.0
431,-3.1100343082185082,-3.107353203291714,-3.1241245111162064,-3.1112280049632552,-7.4734457446591875,-7.962175306774944
432,-3.153300595593798,-3.15016486461322,-3.1509904735027865,-3.153768177658786,-5.350146576621485,-6.5627343316176745
433,-3.003374982586341,-2.9912399412548925,-2.991196075300881,-2.9938966187365357,-3.762179049798209,-5.953544282086745
434,-3.16365849355354,-3.160193613847023,-3.1593931617515882,-3.1633258409926075,-8.481395034234255,-9.434296692944155
435,0.0,0.0,0.0,0.0,0.0,0.0
436,-0.9489953230397321,-0.9347211239156588,-0.9634407464055454,-0.9489953230397321,-2.7635244104418097,-3.4602318400000005
437,-1.5206855235775096,-1.5013026983307898,-1.5222783051665978,-1.5206855235775096,-2.773249232605213,-1.938858949563
438,-1.3428137621466925,-1.1812927308102648,-1.3863721633314974,-1.3472465204706499,-1.9700000000000002,-2.818918512260568
439,-1.1572124084646414,-1.0546704346726667,-1.1301007898716053,-1.1572124084646414,-1.93296206067,-1.9700000000000002
440,0.0,0.0,0.0,0.0,0.0,0.0
441,-3.2048371581939286,-3.2052152251241925,-3.204742420399331,-3.2061290208736914,-6.0441471558791,-6.019187921436753
442,-2.842166809319594,-2.831021222195461,-2.843058519104516,-2.832022779014886,-5.254502892722695,-7.498063500106722
443,-3.159250130064881,-3.1560872426966267,-3.157811996964992,-3.156726419577538,-7.7001926380453725,-7.950854867366562
444,-3.225516549523579,-3.221920351478322,-3.2228425465689257,-3.2258673299103897,-5.392971494188799,-7.180143721752489
445,0.0,0.0,0.0,0.0,0.0,0.0
446,-3.2216924792722126,-3.2214089250855706,-3.2228877015739057,-3.224825225373216,-6.629677369965197,-4.604903440727987
447,-3.0122360862032957,-3.0096761460984367,-3.0121949188720105,-3.0219439943852495,-4.626596192600583,-6.517168295099494
448,-2.909949002925555,-2.8775552936696203,-2.899185274120142,-2.8997006486386114,-6.55453204568334,-5.280875589324183
449,-3.2083015870905465,-3.208900702402814,-3.208147075294358,-3.207674801866557,-8.502658065313035,-5.807099095936765
450,0.0,0.0,0.0,0.0,0.0,0.0
451,-3.163832409812639,-3.158840508927332,-3.163068070200394,-3.159188092910459,-6.013788440269288,-6.657426441605823
452,-3.1177034461805606,-3.106778923348773,-3.1102964492207352,-3.111791860519841,-7.613822024570666,-6.508770239681615
453,-2.921717968952204,-2.873272926013116,-2.9232093511369923,-2.905060409352679,-7.9177486035307965,-7.375464314657216
454,-3.1222728779640656,-3.1073332591866762,-3.111640105823185,-3.1235734826118184,-7.698081176827304,-8.360701651587178
455,0.0,0.0,0.0,0.0,0.0,0.0
456,-1.0153634944602754,-0.9355361505468925,-0.9489953230397321,-0.947633217162555,-2.76068322321181,-1.0
457,-1.4584636712945989,-1.496096339964502,-1.4607807055364261,-1.4469697278548703,-1.91379,-1.938539405373
458,-1.4068291248565306,-1.3264936374455762,-1.4068291248565306,-1.4272087879239965,-1.9700000000000002,-1.9700000000000002
459,-1.0750948487387648,-1.100555632062972,-1.089909699448084,-1.1071279795562357,-2.844436782434398,-1.926765011
460,0.0,0.0,0.0,0.0,0.0,0.0
461,-3.253976938558635,-3.2540597204295483,-3.25540132486808,-3.2544217536065356,-5.410017268209911,-9.133716080036045
462,-3.0100097217506385,-3.0095589441152475,-3.0292698197009114,-3.0229285135228428,-4.598874962973517,-6.547059213653828
463,-3.2233148788211023,-3.2216097367138103,-3.2246906095528747,-3.221909784741807,-8.310308434476502,-6.42401129653293
464,-3.1477654899924534,-3.1434230674496244,-3.1458750748242776,-3.1485401151535677,-8.065697243829108,-6.396038075050414
465,0.0,0.0,0.0,0.0,0.0,0.0
466,-3.1591667141715165,-3.1597942751273695,-3.15836271684588,-3.163414311146696,-9.617851112043093,-4.390755951341507
467,-2.8706717002640674,-2.858550351151677,-2.859910387071469,-2.872020691010824,-5.925579370087596,-2.9109
468,-3.045555875378137,-3.0108540150711405,-3.0439914649536357,-3.040825137105441,-7.401758313278862,-5.787321267257986
469,-3.2623657572989524,-3.2557692684370028,-3.262813762720773,-3.256738323495017,-8.06409548573555,-7.50537555862406
470,0.0,0.0,0.0,0.0,0.0,0.0
471,-3.2221882056043922,-3.2220126448966595,-3.223240535702655,-3.2228089295180453,-7.1354256965053136,-7.6865726466242315
472,-2.3960988036467814,-2.6435648572900146,-2.642142756732328,-2.3976805494420965,-1.988213100000006,-8.051205597221287
473,-1.5500533070847988,-1.9805102090496804,-2.014353596233368,-1.5148252461212615,-0.588190000000008,-9.315687646239496
474,-2.467456611475196,-2.663810507562978,-2.676752703699703,-2.4715776842578707,-1.988213100000006,-10.348237432320605
475,0.0,0.0,0.0,0.0,0.0,0.0
476,-2.006966658012345,-1.4117330000000075,-2.3607783352421037,-2.0172090089215144,-9.893338916743375,-2.346954790110588
477,-0.8111835821261608,0.5882999999999902,-0.9970496451604207,-0.7676021641015075,-7.226337912752146,-1.4145070836990121
478,-2.05579100684136,-1.4117330000000075,-2.4373222102659486,-2.043633326577422,-9.34041389240007,-2.3733009616921055
479,12.889686748651414,8.084907360666762,7.727397716217579,12.936095546701695,3.9546578433731585,19.99999999999999
480,0.0,0.0,0.0,0.0,0.0,0.0
481,-3.265147336356098,-3.265549659898631,-3.2672255501690772,-3.264700248609763,-7.641646085023847,-9.272288088820911
482,-3.0819740510790767,-3.0840753810354427,-3.0894330013336573,-3.0821887877165217,-5.1306092846271785,-5.360719638399732
483,-3.243568841547557,-3.2426965417103117,-3.244074465266523,-3.2431487268844137,-8.905184437192979,-7.61702086238455
484,-3.1110010608243814,-3.1049500510496344,-3.1073436985529703,-3.1112714055054225,-6.518179969804562,-5.317734077037366
485,0.0,0.0,0.0,0.0,0.0,0.0
486,-3.111049486837963,-3.1075237265937483,-3.109955276019778,-3.125160996294335,-5.996731972346108,-5.819456605185093
487,-2.759447012748422,-2.678054799016118,-2.7436317407116935,-2.7473206504785375,-4.559468848431426,-5.1394996264773525
488,-3.103499161160697,-3.1028428314969125,-3.108990866686405,-3.102432943455849,-5.297505869079267,-8.695486263454756
489,-3.2747099138153963,-3.2747900656284314,-3.275173781523279,-3.275074840196614,-8.565649665553632,-9.134073187589163
490,0.0,0.0,0.0,0.0,0.0,0.0
491,-3.2439914434752506,-3.2437369022216167,-3.2453490128952653,-3.24369418275531,-9.499728170794771,-6.668148132318809
492,-2.5964680559209645,-2.619436133753488,-2.605393666123798,-2.392416213214689,-3.7658920137733425,-5.290037157887759
493,-2.1471212592064366,-2.235302195495556,-2.183885660418904,-1.4159636692556743,-5.704085076997355,-5.025216431320381
494,-2.6699253989518525,-2.7182486781694584,-2.668419550922539,-2.3928234438543146,-6.469398179585789,-5.792024278983323
495,0.0,0.0,0.0,0.0,0.0,0.0
496,-2.036743811710457,-2.0626724877245994,-2.036743811710457,-1.9919643457365448,-4.392566310434109,-2.8685747387000005
497,-1.068954317302969,1.3413350908420756,-1.089909699448084,-1.0984340773248293,-2.7806368465096636,-1.9700000000000002
498,-2.2533105599371934,-2.241285545106145,-2.2519074386973816,-2.0715823644547866,-2.8735066555064828,-4.467839616337979
499,-0.197,-0.197,-0.1168082807239577,12.924156830050814,-1.0218340472152356,-1.0
